{"stat.flyOneCm":62334,"stat.killEntity.Bat":5,"stat.useItem.7":1,"stat.deaths":3,"stat.walkOneCm":44770,"stat.drop":15,"stat.jump":59,"stat.killEntity.EntityHorse":3,"stat.playOneMinute":12060,"achievement.openInventory":21,"stat.fallOneCm":1531,"stat.killEntity.Sheep":4,"stat.killEntity.Chicken":1,"stat.useItem.3":13,"stat.damageTaken":5170,"stat.killEntity.Slime":13,"stat.killEntity.Spider":2,"stat.mineBlock.3":3,"stat.killEntity.Cow":5,"stat.mobKills":40,"stat.killEntity.Pig":7,"achievement.exploreAllBiomes":{"value":0,"progress":["Plains"]}}