{"stat.mineBlock.24":21,"stat.useItem.98":71,"stat.useItem.54":2,"stat.flyOneCm":3962,"stat.useItem.44":67,"stat.useItem.89":3,"stat.walkOneCm":30410,"stat.useItem.101":14,"stat.useItem.50":2,"stat.useItem.61":1,"stat.useItem.145":1,"stat.drop":1,"stat.jump":25,"stat.useItem.126":34,"stat.useItem.389":3,"stat.playOneMinute":18515,"achievement.openInventory":23,"stat.useItem.5":136,"stat.useItem.17":70,"achievement.exploreAllBiomes":{"value":0,"progress":["Desert"]},"stat.useItem.24":9,"stat.useItem.171":4,"stat.useItem.58":1}